敵Lv,到達目安(ボス時間除く),HP倍率,攻撃倍率,速度倍率,経験値倍率
1,0:00,1,1,1,1
2,0:30,1.23,1.03,1,1.04
3,1:00,1.46,1.06,1.01,1.08
4,1:30,1.69,1.09,1.01,1.12
5,2:00,1.93,1.12,1.02,1.16
6,2:30,2.16,1.15,1.02,1.2
7,3:00,2.39,1.18,1.03,1.24
8,3:30,2.63,1.21,1.03,1.28
9,4:00,2.87,1.24,1.04,1.32
10,4:30,3.1,1.27,1.05,1.36
11,5:00,3.34,1.3,1.05,1.4
12,5:30,3.58,1.33,1.06,1.44
13,6:00,3.83,1.36,1.06,1.48
14,6:30,4.07,1.39,1.07,1.52
15,7:00,4.31,1.42,1.07,1.56
16,7:30,4.56,1.45,1.08,1.6
17,8:00,4.8,1.48,1.08,1.64
18,8:30,5.05,1.51,1.09,1.68
19,9:00,5.3,1.54,1.09,1.72
20,9:30,5.55,1.57,1.1,1.76
21,10:00,5.81,1.6,1.1,1.8
22,10:30,6.06,1.63,1.11,1.84
23,11:00,6.32,1.66,1.11,1.88
24,11:30,6.57,1.69,1.12,1.92
25,12:00,6.83,1.72,1.12,1.96
26,12:30,7.09,1.75,1.13,2
27,13:00,7.36,1.78,1.13,2.04
28,13:30,7.62,1.81,1.14,2.08
29,14:00,7.89,1.84,1.14,2.12
30,14:30,8.16,1.87,1.15,2.16
31,15:00,8.43,1.9,1.15,2.2
32,15:30,8.7,1.93,1.16,2.24
33,16:00,8.98,1.96,1.16,2.28
34,16:30,9.25,1.99,1.17,2.32
35,17:00,9.53,2.02,1.17,2.36
36,17:30,9.81,2.05,1.18,2.4
37,18:00,10.1,2.08,1.18,2.44
38,18:30,10.39,2.11,1.19,2.48
39,19:00,10.67,2.14,1.19,2.52
40,19:30,10.97,2.17,1.2,2.56
