ID,HP,速度,攻撃力,経験値,半径,AI,特殊,HP@Lv1,HP@Lv5,HP@Lv10,HP@Lv15,HP@Lv20,HP@Lv30,攻撃@Lv1,攻撃@Lv5,攻撃@Lv10,攻撃@Lv15,攻撃@Lv20,攻撃@Lv30,エリートHP@Lv30
zombie,30,13,9,1,5,chase,,30,58,93,129,167,245,9,10.08,11.43,12.78,14.13,16.83,3426
bat,21,30,8,1,4,flutter,,21,40,65,91,117,171,8,8.96,10.16,11.36,12.56,14.96,2398
slime,30,15,9,1,5,hop,分裂→slimelet,30,58,93,129,167,245,9,10.08,11.43,12.78,14.13,16.83,3426
slimelet,12,22,6,1,3,hop,,12,23,37,52,67,98,6,6.72,7.62,8.52,9.42,11.22,1370
skeleton,36,18,10,1,5,chase,,36,69,112,155,200,294,10,11.2,12.7,14.2,15.7,18.7,4111
archer,30,16,9,1,5,keep,射撃(CD3.2s/弾速70/威力9),30,58,93,129,167,245,9,10.08,11.43,12.78,14.13,16.83,3426
ghost,33,22,10,1,5,chase,すり抜け,33,64,102,142,183,269,10,11.2,12.7,14.2,15.7,18.7,3768
brute,60,11,13,2,8,chase,ノックバック耐性0.8,60,116,186,259,333,489,13,14.56,16.51,18.46,20.41,24.31,6852
imp,27,34,10,1,4,flutter,,27,52,84,116,150,220,10,11.2,12.7,14.2,15.7,18.7,3083
goblin,160,44,0,12,5,flee,ノックバック耐性0.5,160,308,497,690,889,1305,0,0,0,0,0,0,18271
